Keyword,Search Volume,Competition,Keyword Type,Target Page,Priority,Notes
BMI calculator,500000,High,Primary,/calculators/bmi-calculator.html,1,High volume health calculator
EMI calculator,200000,High,Primary,/calculators/emi-calculator.html,1,High volume financial calculator
loan calculator,150000,High,Primary,/calculators/loan-calculator.html,1,Very competitive but essential
home loan calculator,80000,High,Primary,/calculators/mortgage-calculator.html,1,India specific
SIP calculator,100000,Medium,Primary,/calculators/sip-calculator.html,1,Growing search volume
age calculator,80000,Medium,Primary,/calculators/age-calculator.html,2,Easy to rank
percentage calculator,70000,Medium,Primary,/calculators/percentage-calculator.html,2,Everyday use
calorie calculator,60000,High,Primary,/calculators/calorie-calculator.html,2,Health category
retirement calculator,40000,Medium,Primary,/calculators/retirement-calculator.html,2,Financial planning
FD calculator,35000,Medium,Primary,/calculators/fd-calculator.html,2,India specific
compound interest calculator,30000,Medium,Primary,/calculators/compound-interest-calculator-india.html,2,Educational value
income tax calculator,50000,High,Primary,/calculators/income-tax-calculator-india.html,2,India specific
mortgage calculator,120000,High,Primary,/calculators/mortgage-calculator.html,1,US market
personal loan calculator,25000,Medium,Primary,/calculators/personal-loan-calculator.html,3,Financial tool
car loan calculator,22000,Medium,Primary,/calculators/car-loan-calculator.html,3,Financial tool
investment calculator,35000,Medium,Primary,/calculators/investment-calculator.html,2,Financial planning
PPF calculator,20000,Medium,Primary,/calculators/ppf-calculator.html,3,India specific
GST calculator,30000,Medium,Primary,/calculators/gst-calculator-india.html,2,India specific business
discount calculator,18000,Low,Primary,/calculators/discount-calculator.html,3,Shopping tool
tip calculator,25000,Low,Primary,/calculators/tip-calculator.html,3,Everyday use
scientific calculator,90000,High,Primary,/calculators/scientific-calculator.html,2,Academic tool
body fat calculator,15000,Medium,Primary,/calculators/body-fat-percentage-calculator.html,3,Health tool
ROI calculator,12000,Medium,Primary,/calculators/roi-calculator.html,3,Business tool
date calculator,8000,Low,Primary,/calculators/date-calculator.html,3,Utility tool
time calculator,6000,Low,Primary,/calculators/time-calculator.html,3,Utility tool
GPA calculator,40000,Medium,Primary,/calculators/gpa-calculator.html,2,Education tool
grade calculator,35000,Medium,Primary,/calculators/grade-calculator.html,3,Education tool
currency converter,200000,High,Primary,/calculators/currency-converter.html,1,High demand utility
temperature converter,15000,Low,Primary,/calculators/temperature-converter.html,3,Utility tool
home loan EMI calculator India,15000,Medium,Long-tail,/calculators/mortgage-calculator.html,2,Specific location intent
SIP calculator with step up,3000,Low,Long-tail,/calculators/sip-calculator.html,3,Advanced feature
retirement corpus calculator India,2500,Low,Long-tail,/calculators/retirement-calculator.html,3,India specific planning
FD interest calculator 2025,5000,Medium,Long-tail,/calculators/fd-calculator.html,2,Time-sensitive
gold loan EMI calculator,8000,Medium,Long-tail,/blog/gold-loan-emi-calculator-guide-india-2025.html,2,Blog content
mutual fund SIP calculator,12000,Medium,Long-tail,/calculators/sip-calculator.html,2,Investment tool
EPF calculator India,10000,Medium,Long-tail,Create new page,3,Missing calculator
NPS calculator India,8000,Medium,Long-tail,Create new page,3,Missing calculator
BMI calculator for men,8000,Low,Long-tail,/calculators/bmi-calculator.html,3,Gender specific
BMI calculator for women,9000,Low,Long-tail,/calculators/bmi-calculator.html,3,Gender specific
daily calorie intake calculator,6000,Medium,Long-tail,/calculators/calorie-calculator.html,3,Health planning
ideal weight calculator by age,4000,Low,Long-tail,/calculators/bmi-calculator.html,3,Age specific
home loan EMI calculation formula,3000,Low,Informational,/blog/home-loan-emi-calculation-guide.html,3,Blog content exists
how to calculate EMI,15000,Medium,Question,/blog/home-loan-emi-calculation-guide.html,2,Blog content
how to calculate BMI,20000,Medium,Question,/blog/bmi-calculator-ideal-weight-guide.html,2,Blog content
how to reduce home loan EMI,5000,Low,Question,/blog/reduce-home-loan-emi-tips.html,3,Blog content exists
SIP vs lump sum investment,4000,Low,Comparison,/blog/sip-calculator-mutual-fund-investment-guide-india-2025.html,3,Blog content exists
retirement planning India,8000,Medium,Informational,/blog/retirement-calculator-planning-guide-india-2025.html,2,Blog content exists
FD vs PPF comparison,2000,Low,Comparison,Create blog post,3,Blog opportunity
best SIP for retirement,3000,Low,Informational,/blog/retirement-calculator-planning-guide-india-2025.html,3,Blog content exists
EMI calculator India,25000,High,Geo-targeted,/calculators/emi-calculator.html,2,India specific
loan calculator India,18000,High,Geo-targeted,/calculators/loan-calculator.html,2,India specific
income tax calculator India 2025,15000,Medium,Geo-targeted,/calculators/income-tax-calculator-india.html,2,Time-sensitive
GST calculator India,12000,Medium,Geo-targeted,/calculators/gst-calculator-india.html,2,Business tool
Michigan mortgage calculator,1000,Low,Geo-targeted,/blog/michigan-mortgage-calculator-home-buying-guide-2025.html,3,US specific blog
Michigan home loan rates,800,Low,Geo-targeted,/blog/michigan-mortgage-calculator-home-buying-guide-2025.html,3,Local content
calculate for me,500,Low,Branded,/index.html,3,Brand building
calculateforme BMI,200,Low,Branded,/calculators/bmi-calculator.html,3,Brand + tool
calculateforme loan calculator,150,Low,Branded,/calculators/loan-calculator.html,3,Brand + tool
free online calculator,50000,High,Generic,/calculators.html,2,Category page
free BMI calculator,30000,High,Generic,/calculators/bmi-calculator.html,2,Free modifier
free EMI calculator,20000,High,Generic,/calculators/emi-calculator.html,2,Free modifier
online loan calculator,25000,High,Generic,/calculators/loan-calculator.html,2,Online modifier
simple interest calculator,15000,Medium,Related,Create new page,3,Missing calculator
loan repayment calculator,8000,Medium,Related,/calculators/loan-calculator.html,3,Feature within loan calc
mortgage refinance calculator,12000,Medium,Related,Create new page,3,Advanced mortgage tool
401k calculator,45000,High,Related,Create new page,3,US retirement tool
amortization calculator,30000,High,Related,/calculators/mortgage-calculator.html,2,Mortgage feature
debt calculator,10000,Medium,Related,Create new page,3,Financial planning
savings calculator,20000,Medium,Related,Create new page,3,Financial planning
budget calculator,15000,Medium,Related,Create new page,3,Personal finance
TDEE calculator,35000,Medium,Related,/calculators/calorie-calculator.html,2,Health related
BMR calculator,25000,Medium,Related,/calculators/calorie-calculator.html,2,Health metric
weight loss calculator,20000,High,Related,Create new page,3,Health goal
pregnancy calculator,80000,High,Related,Create new page,4,Different niche
due date calculator,60000,High,Related,Create new page,4,Different niche
ovulation calculator,70000,High,Related,Create new page,4,Different niche
love calculator,200000,High,Related,Create new page,4,Entertainment
tax calculator,100000,High,Related,/calculators/income-tax-calculator-india.html,1,Generic tax
sales tax calculator,40000,Medium,Related,Create new page,3,US specific
capital gains tax calculator,15000,Medium,Related,Create new page,3,Investment tax
EMI calculation formula,5000,Low,Educational,/blog/home-loan-emi-calculation-guide.html,3,Blog content
what is EMI,8000,Low,Educational,/blog/home-loan-emi-calculation-guide.html,3,Definition content
what is SIP,10000,Medium,Educational,/blog/sip-calculator-mutual-fund-investment-guide-india-2025.html,2,Definition content
what is BMI,15000,Medium,Educational,/blog/bmi-calculator-ideal-weight-guide.html,2,Definition content
how mutual funds work,12000,Medium,Educational,Create blog post,3,Investment education
types of loans in India,6000,Low,Educational,Create blog post,3,Loan education
best fixed deposit rates,8000,Medium,Commercial,/blog/fd-calculator-fixed-deposit-interest-rates-india-2025.html,2,Blog content exists
best SIP plans 2025,5000,Medium,Commercial,Create blog post,3,Investment advice
home loan interest rates,20000,High,Commercial,Create blog post,2,Loan comparison
credit card EMI calculator,10000,Medium,Transactional,Create new page,3,Missing calculator
bike loan calculator,8000,Medium,Transactional,Create new page,3,Vehicle loan
education loan calculator,12000,Medium,Transactional,Create new page,3,Student finance
business loan calculator,9000,Medium,Transactional,Create new page,3,Business finance
